{"B0CHK33458": {"ts": 1779432645.9633305, "value": "₹199.00", "logic_version": 3}, "B0GQZKRD5L": {"ts": 1779432585.891569, "value": "NA", "logic_version": 3}, "B0FY2ZWZ7F": {"ts": 1779432673.33524, "value": "NA", "logic_version": 3}, "B07CFWWT24": {"ts": 1779432478.156895, "value": "S", "logic_version": 3}, "B09KCBCB76": {"ts": 1779432675.7182164, "value": "NA", "logic_version": 3}, "B0FF4M5N9X": {"ts": 1779432681.5793774, "value": "₹179.00", "logic_version": 3}, "B07KDGMRWR": {"ts": 1779432563.1087859, "value": "S", "logic_version": 3}, "B0CGLPC2M5": {"ts": 1779432677.360553, "value": "NA", "logic_version": 3}, "B0F92RNPYF": {"ts": 1779432711.557023, "value": "₹349.00", "logic_version": 3}, "B0D8W7YBMQ": {"ts": 1779432682.4366384, "value": "NA", "logic_version": 3}, "B0DRV5L8GC": {"ts": 1779432739.7092516, "value": "NA", "logic_version": 3}, "B0GJ4BD52R": {"ts": 1779432574.3997161, "value": "S", "logic_version": 3}, "B0F8C5TFVN": {"ts": 1779432739.2929509, "value": "NA", "logic_version": 3}, "B0FF4PS9B3": {"ts": 1779432724.7011833, "value": "NA", "logic_version": 3}, "B0FKVKW29D": {"ts": 1779432742.7010114, "value": "NA", "logic_version": 3}, "B09LYYQJ3L": {"ts": 1779432746.7203941, "value": "NA", "logic_version": 3}, "B0CRF7Z1J5": {"ts": 1779432753.856037, "value": "NA", "logic_version": 3}, "B09DVZNT87": {"ts": 1779432763.7330112, "value": "NA", "logic_version": 3}, "B09S3TJTC3": {"ts": 1779432755.5730357, "value": "NA", "logic_version": 3}, "B0FRGDSHD5": {"ts": 1779432766.9117248, "value": "NA", "logic_version": 3}, "B0F8HYF5CH": {"ts": 1779432766.9438882, "value": "S", "logic_version": 3}, "B0FRGJWHJ7": {"ts": 1779432767.9195924, "value": "NA", "logic_version": 3}, "B09S3SHCTB": {"ts": 1779432748.2580278, "value": "NA", "logic_version": 3}, "B093Q8TMTL": {"ts": 1779432782.153023, "value": "S", "logic_version": 3}, "B0FF4B4N19": {"ts": 1779432763.17264, "value": "S", "logic_version": 3}, "B0FJT8JWRP": {"ts": 1779432776.9816284, "value": "NA", "logic_version": 3}, "B08ZYDM1TL": {"ts": 1779432771.1609998, "value": "S", "logic_version": 3}, "B0FY2RPQ83": {"ts": 1779432791.5956724, "value": "NA", "logic_version": 3}, "B0FKVJ9G82": {"ts": 1779432784.6641355, "value": "NA", "logic_version": 3}, "B0GP16W92H": {"ts": 1779432789.6857576, "value": "NA", "logic_version": 3}, "B0GP19PSKR": {"ts": 1779432789.8510385, "value": "NA", "logic_version": 3}, "B0GXJSYFYR": {"ts": 1779432789.3526661, "value": "NA", "logic_version": 3}, "B0GXJRHC1Y": {"ts": 1779432793.7267013, "value": "NA", "logic_version": 3}, "B0GXJXMWGQ": {"ts": 1779432797.8014767, "value": "NA", "logic_version": 3}, "B0GXK4XDCZ": {"ts": 1779432789.981542, "value": "NA", "logic_version": 3}, "B0GX1NSC42": {"ts": 1779432816.721725, "value": "₹299.00", "logic_version": 3}, "B0GL8P55QF": {"ts": 1779432805.4839125, "value": "₹84.00", "logic_version": 3}, "B0FKVBW4CG": {"ts": 1779432778.4421349, "value": "S", "logic_version": 3}, "B07C4Q6W6W": {"ts": 1779432452.110774, "value": "₹155.00", "logic_version": 3}, "B0FJTLXP7P": {"ts": 1779432454.9921303, "value": "₹449.00", "logic_version": 3}, "B075P747JW": {"ts": 1779432461.5435894, "value": "₹449.00", "logic_version": 3}, "B075PFQ6ZB": {"ts": 1779432488.1981084, "value": "₹769.00", "logic_version": 3}, "B091SR284C": {"ts": 1779432457.4341695, "value": "₹579.00", "logic_version": 3}, "B07GMVDTH1": {"ts": 1779432466.761198, "value": "₹1469.00", "logic_version": 3}, "B0DDZ93PNZ": {"ts": 1779432462.2629354, "value": "₹249.00", "logic_version": 3}, "B075P8Y4DK": {"ts": 1779432465.929279, "value": "₹1129.00", "logic_version": 3}, "B08151RD5R": {"ts": 1779432470.5800903, "value": "₹1929.00", "logic_version": 3}, "B07CC98483": {"ts": 1779432467.2988317, "value": "₹769.00", "logic_version": 3}, "B07C4Q58LP": {"ts": 1779432481.6777856, "value": "₹319.00", "logic_version": 3}, "B08W9G6XWN": {"ts": 1779432479.3738823, "value": "₹1769.00", "logic_version": 3}, "B07C4QCVGB": {"ts": 1779432474.2857404, "value": "₹1199.00", "logic_version": 3}, "B07C4RD9TP": {"ts": 1779432479.4672859, "value": "₹679.00", "logic_version": 3}, "B07C4LZ99B": {"ts": 1779432484.308042, "value": "₹309.96", "logic_version": 3}, "B08JCMBLW5": {"ts": 1779432482.214794, "value": "₹239.00", "logic_version": 3}, "B0FY2MP9HP": {"ts": 1779432508.299805, "value": "₹449.00", "logic_version": 3}, "B0FY2M7MLR": {"ts": 1779432485.4495828, "value": "₹199.00", "logic_version": 3}, "B0FY2QCHHB": {"ts": 1779432485.8865182, "value": "₹299.00", "logic_version": 3}, "B0FY2RL9TS": {"ts": 1779432490.5108993, "value": "₹318.93", "logic_version": 3}, "B088MKL5WD": {"ts": 1779432534.6654303, "value": "₹279.00", "logic_version": 3}, "B07C54JQY4": {"ts": 1779432495.8947406, "value": "₹349.00", "logic_version": 3}, "B07C4SS7JR": {"ts": 1779432491.9743986, "value": "₹199.00", "logic_version": 3}, "B0FY2MT31L": {"ts": 1779432496.4944196, "value": "₹299.00", "logic_version": 3}, "B0FY2M3JC2": {"ts": 1779432542.2015934, "value": "₹199.00", "logic_version": 3}, "B07C4T621P": {"ts": 1779432510.9096491, "value": "₹199.00", "logic_version": 3}, "B0FY2N2HH7": {"ts": 1779432497.9854684, "value": "NA", "logic_version": 3}, "B0FY2NFBC8": {"ts": 1779432504.1039472, "value": "₹299.00", "logic_version": 3}, "B0FY2NC7ML": {"ts": 1779432514.8230734, "value": "₹249.00", "logic_version": 3}, "B0FY2M7TC4": {"ts": 1779432530.599485, "value": "₹369.00", "logic_version": 3}, "B0FY2N49LC": {"ts": 1779432546.481806, "value": "₹199.00", "logic_version": 3}, "B0FY2S6ZQ6": {"ts": 1779432520.8484662, "value": "₹299.00", "logic_version": 3}, "B0G39R8687": {"ts": 1779432545.6664305, "value": "₹289.00", "logic_version": 3}, "B088MLZPKX": {"ts": 1779432550.0410652, "value": "₹709.75", "logic_version": 3}, "B0G39XDH93": {"ts": 1779432545.932032, "value": "₹369.00", "logic_version": 3}, "B0FY2RLVRX": {"ts": 1779432528.3837922, "value": "₹173.13", "logic_version": 3}, "B0D6GY1CB1": {"ts": 1779432551.5932817, "value": "₹229.00", "logic_version": 3}, "B0D6HBQN79": {"ts": 1779432551.6465495, "value": "₹429.00", "logic_version": 3}, "B0DV9XVN6T": {"ts": 1779432546.9877617, "value": "₹279.00", "logic_version": 3}, "B07KDH5PNZ": {"ts": 1779432556.6908991, "value": "₹999.00", "logic_version": 3}, "B07KDH52D5": {"ts": 1779432556.5982265, "value": "₹749.00", "logic_version": 3}, "B0D6GXT381": {"ts": 1779432550.5249166, "value": "₹329.00", "logic_version": 3}, "B07MGHSJ4W": {"ts": 1779432555.474955, "value": "₹1299.00", "logic_version": 3}, "B0F19FKP99": {"ts": 1779432561.7832353, "value": "₹829.00", "logic_version": 3}, "B07MMNP9TX": {"ts": 1779432562.5870297, "value": "₹1179.00", "logic_version": 3}, "B0F19F7JRP": {"ts": 1779432599.048043, "value": "₹1149.00", "logic_version": 3}, "B08183V2R6": {"ts": 1779432568.0317485, "value": "₹590.06", "logic_version": 3}, "B09SPXLCHY": {"ts": 1779432567.4032834, "value": "₹729.00", "logic_version": 3}, "B0F19FT161": {"ts": 1779432566.0352185, "value": "₹1599.00", "logic_version": 3}, "B08VNKXBDW": {"ts": 1779432575.865199, "value": "₹999.00", "logic_version": 3}, "B07KDHSW47": {"ts": 1779432576.0061405, "value": "₹2499.00", "logic_version": 3}, "B07M85WTTK": {"ts": 1779432570.0622673, "value": "₹1629.00", "logic_version": 3}, "B0GJ4724L4": {"ts": 1779432579.482399, "value": "₹949.00", "logic_version": 3}, "B08H8R5K8W": {"ts": 1779432572.213369, "value": "₹1629.00", "logic_version": 3}, "B081ZW5HF8": {"ts": 1779432607.3127496, "value": "₹329.00", "logic_version": 3}, "B09R9GQFXN": {"ts": 1779432593.6718464, "value": "₹349.00", "logic_version": 3}, "B09925GCJN": {"ts": 1779432624.1783817, "value": "₹349.00", "logic_version": 3}, "B0F1NJC6TZ": {"ts": 1779432614.226344, "value": "₹199.00", "logic_version": 3}, "B0D6GXZHVN": {"ts": 1779432598.7071366, "value": "₹299.00", "logic_version": 3}, "B0CT78JBL9": {"ts": 1779432602.7280655, "value": "₹329.00", "logic_version": 3}, "B09D85TPSZ": {"ts": 1779432603.318178, "value": "₹169.00", "logic_version": 3}, "B09CD8J23M": {"ts": 1779432585.5752332, "value": "₹999.00",